"id","duration","date","game"
"h7iorJi65xk",12379,"2025-09-09","Hollow Knight: Silksong"
"rV6zsvpIm4g",11928,"2025-09-10","Hollow Knight: Silksong"
"2Mo4Pceo-Yg",2207,"2025-09-10","Don't Starve Together"
"8KYiAgBbZm4",20971,"2025-09-12","Hollow Knight: Silksong"
"VVMfdnIPH-E",9613,"2025-09-13","Hollow Knight: Silksong"
"Rgbsl66YEkQ",10633,"2025-09-13","Hollow Knight: Silksong"
"65lNdIkUAUY",1274,"2025-09-14","Enter the Gungeon"
"tzLJIlHIIhY",19390,"2025-09-14","Hollow Knight: Silksong"
"P5W67pW1wWE",4214,"2025-09-14","Hollow Knight: Silksong"
"Dob9_IbEYng",13201,"2025-09-15","LEGO® Bricktales"
"YY0Z7QJdJIU",8516,"2025-09-15","Hollow Knight: Silksong"
"vIu1pMe8b88",5785,"2025-09-15","Hollow Knight: Silksong"
"QqvUAX_wIPw",7072,"2025-09-16","Hollow Knight: Silksong"
"lIUavGzJjfU",9900,"2025-09-16","Hollow Knight: Silksong"
"WPVHLmGwMEw",3835,"2025-09-17","Hollow Knight: Silksong"
"etHID_qm9qc",2697,"2025-09-19","Hollow Knight: Silksong"
"y04PPeIAy6k",5514,"2025-09-20","Mr. Sun's Hatbox"
"BbrCMjRZVdE",2020,"2025-09-20","Mr. Sun's Hatbox"
"9-QCBSoFwzo",6465,"2025-09-21","Mr. Sun's Hatbox"
"fLO8vDjEBFo",2406,"2025-09-21","LEGO® Bricktales"
"Z2e5mBXhh5w",1803,"2025-09-21","Eastern Exorcist"
"pTgjlbdPkdc",3344,"2025-09-21","Yakuza: Like a Dragon"
"9A--HGdNUC8",539,"2025-09-21","Enter the Gungeon"
"mhs_IqFb06s",3217,"2025-09-21","Hollow Knight: Silksong"
"oNUokmti6LU",1717,"2025-09-21","LEGO® Bricktales"
"XbXqGjESpDo",8064,"2025-09-23","Hollow Knight: Silksong"
"9JiEeGeBiv0",3326,"2025-09-23","Hollow Knight: Silksong"
"CpF0feF5NKI",6668,"2025-09-24","Hollow Knight: Silksong"
"q5bgIORpVQ8",4110,"2025-09-26","Hollow Knight: Silksong"
"xXYjwb0twYs",3169,"2025-09-28","Hollow Knight: Silksong"
"H8XHTjwVcOM",23276,"2025-09-29","Hollow Knight: Silksong"
"_WHgz1L051M",7965,"2025-09-29","Hollow Knight: Silksong"
"mzdMwhXwAy8",11757,"2025-09-29","Hollow Knight: Silksong"
